bottiglie_acquistate,bottiglie_rese,temperatura

3481,1324,18

3463,,10

3464,1353,39

3527,986,0

3367,2190,-3

3424,1586,0

3402,1081,29

3453,2105,-4

3538,1883,9

3463,1471,35

3307,1908,5

3527,1929,-4

3445,823,1

3539,2202,11

3515,1361,3

3463,1732,2

3417,1711,19

3454,1629,32

3446,1506,34

3400,-186,5

3429,1600,7

3330,1554,2

3383,1738,31

3345,1863,39

3510,1685,11

3498,886,30

3426,2118,7

3451,1153,4

3348,1106,-1

3490,1591,3

3484,1122,5

3480,906,4

3521,2057,

3446,1821,-4

3416,1529,36

3489,1830,34

3415,1705,6

3380,753,25

3453,1150,32

3479,1764,28

3556,1857,21

3474,1190,26

3377,636,3

3456,1320,3

3387,1246,32

3313,980,13

3412,784,6

3489,1412,2

3512,2092,19

3595,1548,3

3375,432,25

3427,544,11

3459,1379,31

3494,1671,20

3399,1447,1

3465,1332,28

3376,1133,16

3515,2407,15

3666,1284,15

3475,1971,34

3486,1184,21

3412,1004,15

3506,2034,22

,477,23

3493,588,-4

3433,1149,5

3452,1753,11

3420,791,23

3436,1841,22

3439,1571,23

3375,994,12

3474,856,32

3510,1486,5

3492,1898,-5

3553,2009,35

3473,1534,-1

3549,1530,5

3473,1285,5

3421,1267,25

3418,2136,24

3452,1232,6

3435,1588,-5

3379,2385,37

3403,1459,1

3404,1793,5

3501,2676,6

3360,1092,25

3525,,9

3378,1141,-3

3432,1398,16

3388,1635,39

3393,1365,1

3409,2851,37

3463,1818,5

3427,2908,20

3412,1264,30

3488,1521,35

3494,889,29

3511,1668,32

3432,1970,-3

3375,1918,35

3402,1252,9

3438,1667,6

3430,1418,34

3522,1049,-1

3335,1495,20

3412,1056,13

3451,1270,12

3463,728,3

3463,1133,-1

3480,1816,12

3464,14,7

3316,1526,23

3355,2135,15

3465,1836,9

3396,1545,30

3499,1270,10

3388,1238,33

3451,1704,27

3559,1353,3

3254,2192,25

3460,749,29

3447,1826,20

3430,1300,0

3364,1574,11

3504,1519,22

3344,886,-5

3410,488,21

3607,1517,34

,,19

3421,1846,10

3459,1059,30

3444,1577,26

3407,273,25

3605,1102,39

3386,827,4

3395,2172,26

3406,1551,23

3440,1658,9

3443,1778,30

3495,1528,24

3471,2331,22

3463,573,17

3421,1741,23

3455,933,9

3441,1046,28

3457,1297,35

3572,1746,5

3414,641,5

3383,679,14

3473,1648,6

3541,1096,13

3375,2313,33

3419,366,5

3459,1408,37

3490,839,0

3403,697,26

3451,1542,16

3444,2159,21

3485,1474,33

3439,1494,15

3439,946,19

3491,2027,36

3505,1158,-2

3555,1649,19

3409,2343,29

3404,1750,-3

3439,2426,6

3437,495,36

3534,1466,5

3397,1537,6

3291,1453,23

3428,,

3520,1172,26

3467,1186,32

3516,1308,30

3511,1390,14

3530,1578,31

3516,1653,22

3410,1838,10

3467,1358,36

3434,1253,-2

3480,2408,2

3467,1269,0

3430,1653,34

3477,1499,8

3339,2475,2

3437,1454,3

3596,1306,20

3440,410,25

3427,704,3

3436,1422,9

3353,2691,33

3493,805,33

3466,1391,7

3573,930,15

3417,954,-2

3575,1144,10

3522,1769,24

3290,1500,27

3399,1225,6

3487,1925,9

3377,1106,8

3454,1528,22

3547,899,4

3454,1927,36

3380,1449,28

3448,762,20

3431,1922,16

3381,2693,24

3519,1753,1

3480,2167,11

3402,356,30

3399,,34

3480,850,35

3409,2065,30

3332,2007,29

3441,1492,-1

3422,748,39

3387,616,20

3384,1776,29

3386,1238,17

3498,1759,24

3492,735,20

3448,1190,12

3512,645,26

3557,1659,26

3419,930,-4

3445,960,35

3465,1645,-3

3487,1457,30

3413,1463,22

3438,1773,8

3442,1364,-5

3302,2037,10

3363,2160,27

,1280,27

3405,2098,15

3477,1261,23

3423,934,25

3470,1957,11

3381,2102,8

3446,2297,8

3455,977,1

3405,1558,11

3454,1111,14

3301,2169,21

3415,1669,37

3503,1571,33

3437,845,36

3380,1819,15

3509,1055,11

3386,2688,31

3450,1959,10

3371,700,25

3495,706,37

3393,2496,1

3458,978,38

3248,1821,35

3490,1863,25

3501,804,

3448,2210,30

3359,1701,36

3450,1830,29

3396,1021,-2

3447,2028,3

3411,1980,20

3440,1335,22

3357,1181,32

3503,1207,-2

3451,887,18

3425,628,32

3317,1650,36

3511,1774,9

3438,1202,39

3373,1985,15

3464,1554,22

3407,916,37

3481,1802,22

3401,1154,28

3450,1163,2

3488,1489,32

3447,1995,34

3462,1221,3

3608,1776,2

3567,1277,18

3493,1751,15

3387,805,3

3490,1298,29

3378,2181,27

3432,800,11

3528,354,35

3480,1521,37

3422,,6

3472,1096,21

3483,2102,16

3472,2302,27

3442,1009,-1

3442,2008,3

3430,1091,12

3356,1734,37

3429,970,7

3523,877,18

3467,1431,8

3401,828,35

3474,1829,17

3408,1563,10

3571,2294,1

3441,1495,31

3381,1850,13

3372,1313,1

3450,1508,15

3467,1860,39

3468,1345,9

3490,1923,17

3443,2474,3

3499,1612,1

3490,2538,25

3481,1976,27

3429,1822,2

3432,1503,28

3498,1162,24

3511,1187,37

3514,2021,8

3428,2031,25

3385,2437,38

3360,960,36

,1759,8

3440,987,-1

3405,523,39

3388,1939,19

3521,1617,7

3479,1191,15

3316,1716,20

3513,1109,1

3533,1132,17

3512,1992,19

3353,815,-1

3413,2448,3

3500,1960,6

3572,-64,28

3416,2090,7

3454,854,4

3460,1726,4

3460,1290,29

3512,1278,0

3457,1394,30

3499,1959,21

3470,1810,3

3486,1943,15

3345,1637,36

3443,989,33

3489,610,15

3452,1709,9

3424,1264,38

3442,1293,18

3387,1300,1

3500,918,21

3495,878,7

3424,3098,39

3393,1186,18

3478,2183,3

3441,1500,11

3370,2452,4

3344,1367,25

3371,2435,-4

3446,212,25

3360,1844,37

3462,963,-5

3381,1651,-2

3513,1828,7

3478,1254,37

3509,2295,14

3351,1888,6

3496,1722,38

3422,1370,-5

3474,1557,23

3402,863,8

3529,558,38

3428,1917,21

3397,1076,17

3489,1597,9

3447,531,15

3411,1147,29

3449,2024,10

3447,1051,21

3581,1536,36

3385,1302,-4

3406,1487,20

3450,2179,-1

3475,1882,29

3421,1324,17

3488,987,-2

3451,1655,14

3460,2414,4

3465,1175,25

3337,1744,25

3363,1366,38

3479,1428,6

3425,1823,15

3477,2026,12

3481,1181,24

3415,-455,16

3445,853,25

3444,1768,24

3480,1800,23

3424,1247,4

3372,2095,-3

3520,1316,22

3429,1195,7

3485,1943,10

3513,1027,3

3640,1312,14

3497,1902,8

3442,1846,17

3425,980,5

3486,1926,35

3351,478,7

3460,1629,30

3475,1735,26

3436,1637,20

3476,1698,4

3378,903,14

3464,1986,39

3435,1196,-5

3350,1520,-1

3476,1885,25

3455,2166,16

3425,2067,24

3472,1687,26

3380,1198,8

3350,1818,-4

3486,1841,12

3405,471,13

3492,1199,-4

3631,1288,27

3395,751,18

3404,1292,28

3526,1676,30

3421,579,12

3503,810,5

3441,1924,36

3477,2736,13

3402,2337,-4

3491,2051,3

3443,1326,1

3487,1691,25

3406,1607,16

3483,2459,24

3555,963,26

3450,2161,7

3290,1644,6

3541,1408,28

3352,2414,-1

3393,796,11

3490,821,13

3323,1602,12

3400,1970,19

3435,1962,13

3368,689,-1

3454,1528,-4

3503,1024,19

3413,1444,25

3312,1801,30

3525,1349,26

3499,965,26

3478,774,34

3429,1884,39

3524,2304,38

3454,1282,31

3474,1680,12

3544,978,23

3527,2224,37

3507,1959,24

3481,1848,22

3475,2296,35

3532,1974,32

3567,513,9

3470,1788,28

3425,418,21

3423,1383,19

3424,1071,-3

3453,1435,33

3431,1391,7

3445,888,39

3437,2065,10

3461,1567,15

3531,2312,9

3518,841,23

3456,2480,38

3393,1499,34

3533,1180,-5

3417,1513,23

3380,1493,36

3391,767,7

3382,819,26

3293,1101,35

3483,1596,30

3498,1253,0

3393,814,39

3416,1877,7

3439,1696,20

3369,1212,13

3452,2059,28

3546,1264,7

3448,1383,37

3383,2385,5

3459,898,7

3356,1458,30

3450,1556,27

3409,1881,4

3497,2092,0

3498,1692,37

3407,1643,3

3549,1536,29

3444,723,24

3486,619,33

3425,1432,31

3474,1661,21

3458,1997,13

3410,1066,18

3457,970,15

3523,1733,0

3396,1456,3

3475,902,28

3378,2201,-1

3490,2218,12

3405,2164,23

3465,1865,-5

3490,2776,26

3489,2252,38

3442,1902,25

3471,936,-4

3380,1388,7

3589,1521,32

3486,1514,12

3423,1547,33

3391,1707,4

3386,1490,28

3457,926,28

3489,1456,13

3384,735,19

3504,1066,12

3376,1117,9

3407,1129,17

3436,1769,31

3509,1539,13

3423,1821,34

3341,2294,0

3479,1560,36

3433,1662,5

3452,1454,-3

3499,1408,9

3472,2008,2

3514,1802,32

3395,1522,23

3319,1849,8

3514,164,6

3351,2276,30

3492,1210,31

3468,755,23

3464,1834,1

3423,1541,29

3518,1014,6

3433,1615,2

3485,1544,36

3404,2134,18

3514,1095,33

3487,1827,-4

3403,1837,34

3405,2145,-1

3403,1995,34

3480,2253,17

3374,1497,17

3321,1400,5

3474,2143,2

3414,2631,37

3477,1303,12

3419,1579,0

3441,1767,20

3491,1509,27

3479,1176,1

3502,1404,28

3455,2553,29

3486,1625,32

3394,1506,36

3460,1302,7

3465,1461,22

3392,2076,27

3537,1766,26

3550,996,35

3470,1680,34

3446,1333,-2

3446,2268,29

3418,1628,21

3534,2277,20

3532,492,-1

3462,1171,1

3342,2049,0

3434,1518,2

3430,580,13

3465,862,9

3460,1448,-3

3380,1810,24

3418,1865,10

3432,1321,17

3422,2145,15

3387,2547,28

3469,2279,2

3553,1164,36

3384,1277,33

3457,1367,10

3391,1290,6

3412,1036,5

3489,1399,16

3432,1217,9

3553,1520,22

3396,1821,28

3398,742,9

3451,1890,10

3496,1488,39

3389,2186,38

3443,394,14

3409,1885,26

3471,2302,8

3571,1061,24

3395,857,31

3513,1832,26

3388,1583,27

3390,1971,25

3496,1680,18

3514,680,22

3352,1380,5

3457,1518,33

3540,1966,9

3550,1091,19

3662,1518,7

3416,1614,18

3469,1343,8

3422,1230,-1

3455,1645,12

3499,758,8

3473,1889,24

3368,973,6

3480,1191,-2

3527,720,12

3425,879,5

3401,1173,9

3524,1557,23

3520,759,14

3560,1784,32

3494,2025,1

3477,2149,24

3390,2173,27

3539,537,13

3540,1638,33

3482,1546,22

3418,1470,21

3398,968,26

3414,1653,33

3538,1162,23

3401,1727,27

3445,1335,31

3446,2351,38

3406,1345,20

3480,1185,22

3557,2266,-5

3397,1809,37

3510,1292,4

3410,2379,33

3482,1778,20

3408,816,15

3428,1317,5

3354,901,18

3561,1442,-5

3464,1739,19

3552,1258,-1

3545,1301,24

3445,1740,23

3341,1868,4

3458,1920,19

3476,1208,35

3475,440,33

3435,827,32

3422,480,23

3291,882,12

3373,1434,-2

3390,1674,-1

3531,1599,-1

3407,1786,11

3374,1466,18

3472,1573,19

3426,1497,32

3485,2600,28

3452,2044,36

3408,1207,33

3551,911,24

3529,1606,29

3351,1840,26

3438,2282,16

3580,1622,15

3530,1134,28

3409,708,31

3513,2251,-5

3508,1312,17

3467,2081,32

3400,2305,0

3429,2264,11

3510,1853,32

3505,1083,23

3482,1686,17

3355,2060,9

3446,2091,20

3478,796,25

3418,1631,22

3530,2053,36

3497,1218,14

3484,164,19

3411,1402,8

3352,1397,4

3411,1501,32

3404,2095,12

3400,315,37

3350,1980,5

3457,1296,16

3421,2075,5

3533,2306,20

3489,1852,6

3510,597,21

3487,1293,10

3439,2530,14

3460,2613,31

3511,1316,39

3489,1942,10

3398,1906,39

3554,1854,1

3503,975,12

3534,1743,14

3494,1230,31

3449,2224,36

3421,1104,6

3414,1945,16

3377,2193,0

3418,1682,12

3434,1432,33

3427,1396,28

3435,2300,23

3346,1772,39

3409,2006,36

3412,2373,13

3512,1294,32

3516,1196,14

3459,2122,25

3451,897,8

3419,1598,31

3378,1593,33

3485,1356,21

3422,1480,17

3407,2238,34

3353,755,8

3531,1842,7

3431,1734,26

3328,1772,3

3453,2039,8

3434,1932,1

3412,1128,33

3495,1331,12

3447,1760,36

3456,1198,38

3444,1425,10

3473,1561,37

3546,1368,13

3474,446,10

3525,1014,24

3493,1146,30

3373,412,4

3435,1439,-3

3530,887,28

3519,1081,-5

3462,1272,-5

3489,1213,2

3446,1184,17

3483,1577,9

3392,1169,37

3479,558,9

3353,1599,20

3463,1460,-2

3453,508,9

3565,1874,7

3374,1270,32

3452,1580,27

3316,1601,39

3348,2300,-5

3467,1211,31

3438,1298,31

3496,1622,8

3566,829,20

3517,1515,-1

3460,1855,27

3423,1982,19

3431,827,2

3388,703,8

3476,1433,31

3444,1530,17

3454,648,36

3454,2022,36

3499,1801,8

3394,1853,-3

3377,1715,21

3352,920,24

3371,2374,20

3496,864,23

3493,1481,19

3341,1390,17

3531,2181,12

3519,2237,17

3463,1123,32

3412,1981,25

3529,2164,39

3452,1725,-2

3439,847,10

3530,2357,9

3461,1461,37

3477,2162,3

3408,1836,21

3504,1551,24

3557,2208,25

3447,2775,32

3431,1847,-5

3551,1387,30

3434,660,16

3401,1463,0

3411,1483,21

3441,1384,1

3362,1101,-5

3446,1989,34

3532,1712,24

3547,1380,36

3395,1622,22

3429,866,36

3440,851,-1

3341,1780,11

3332,949,20

3394,1946,14

3555,1223,19

3415,1779,37

3514,1646,38

3352,2409,17

3378,1883,30

3419,579,31

3508,1852,20

3350,627,32

3538,1969,23

3470,1257,34

3371,1950,8

3419,755,24

3356,1354,4

3535,1076,20

3540,1732,9

3444,2004,30

3392,1808,11

3412,1978,28

3486,2256,-3

3537,1356,21

3322,2224,16

3360,1235,4

3383,1827,18

3514,1850,2

3443,1218,33

3464,1372,14

3387,2238,23

3509,1267,11

3488,976,21

3472,1146,15

3470,1483,30

3450,1449,35

3387,1471,1

3488,2359,31

3518,1707,3

3480,1482,14

3537,1540,17

3484,1182,11

3336,822,36

3462,2061,35

3532,1394,3

3587,929,39

3575,824,22

3562,1036,-5

3436,1498,27

3484,1783,18

3363,1145,23

3567,1565,7

3486,1677,0

3466,2385,8

3540,763,32

3409,1369,38

3566,1617,13

3417,1605,6

3356,1212,9

3449,2654,15

3467,1668,25

3522,1506,14

3393,1636,39

3409,1640,35

3422,2025,19

3417,776,16

3582,1577,5

3463,1373,17

3397,2207,35

3412,1140,17

3462,1398,-5

3474,1019,28

3467,1168,2

3442,1454,32

3485,1726,26

3518,470,-2

3454,1837,32

3430,2002,12

3457,1566,-4

3466,1483,1

3335,2260,-4

3477,1805,15

3418,1500,9

3369,1897,-4

3396,2131,17

3552,1948,37

3485,1165,-1

3365,2099,9

3371,1169,27

3363,570,17

3339,568,30

3517,763,29

3496,1111,35

3450,684,16

3554,1036,22

3398,1719,1

3339,570,10

3580,2220,27

3560,982,17

3507,1885,7

3543,1048,5

3433,1808,33

3551,1039,23

3472,1166,9

3413,926,23

3530,1293,13

3500,2054,-2

3457,1293,36

3388,1449,19

3420,2087,3

3312,1872,18

3511,1034,-3

3395,1573,21

3446,902,19

3509,1234,22

3493,1726,30

3545,2028,23

3423,2151,27

3427,1788,-1

3430,619,6

3420,1964,2

3397,981,11

3495,1881,16

3385,1829,17

3438,1099,10

3423,473,32

3408,1296,35

3532,1764,9

3404,1547,-3

3361,2291,20

3322,155,20

3452,1519,34

3433,1638,1

3524,1292,-3

3468,2009,31

3473,1469,17

3430,2240,-5

3457,847,22

3415,1450,24

3502,1843,-1

3400,1388,14

3408,1289,23

3434,1871,-1

3398,1625,6

3482,1204,0

3478,1960,25

3423,1409,25

3403,1884,23

3461,328,25

3439,1548,30

3352,1405,12

3418,843,6

3435,1691,3

3508,2236,35

3505,1527,7

3395,1599,33

3372,1783,14

3410,2135,7

3481,242,11

3443,1600,39

3375,1398,15

3490,1675,18

3424,872,37

3472,2313,35

3366,989,8

3372,1606,-3

3400,2488,34

3406,1993,30

3609,1856,34

3359,2284,30

3390,1413,4

3499,1072,36

3460,1508,20

3374,2638,28

3450,2003,18

3370,1320,10

3449,1404,20

3433,2230,17

3553,2545,3

3504,1198,5

3451,1625,-4

3543,1483,34

3493,1751,29

3398,1446,21

3495,1268,18

3515,2404,-2

3388,1576,10

3437,1086,16

3383,1601,38

3480,2039,28

3383,1701,3

3484,2044,34

3541,1241,19

3461,1388,28

3535,1922,30

3507,701,-2

3392,1712,33

3462,1600,4

3461,902,12

3373,1385,25

3518,776,19

3534,1415,10

3410,1681,22

3402,1049,25

3486,1668,32

3423,1406,6

3489,2026,8

3509,226,9

3339,1987,20

3460,1508,-1

3577,1853,19

3437,1866,38

3431,1582,-2

3410,1540,6

3513,1251,13

3433,1714,36

3355,1514,14

3481,660,37

3487,1493,26

3485,1362,11

3457,2062,24

3436,1311,27

3363,1034,25

3367,1171,22

3543,1842,28

3526,1563,25

3363,1310,9

3531,1876,1

3326,1236,18

3433,753,1

3391,1712,17

3462,2016,20

3428,1302,14

3500,1452,31

3421,1874,-2

3506,2104,0

3394,1729,33

3461,1283,-5

3431,2617,24

3480,2059,31

3503,1432,7

3549,1446,33

3491,1811,-1

3500,2195,21

3467,686,27

3447,2195,29

3353,847,19

3359,1431,36

3454,1824,11

3488,2529,21

3434,1270,15

3347,1120,3

3419,1835,13

3476,1917,14

3562,1554,35

3376,1103,4

3499,2005,20

3305,1570,23

3425,2306,20

3420,1580,27

3391,1289,36

3475,1144,9

3430,1291,7

3396,2552,31

3445,706,39

3401,2465,34

3484,1849,3

3385,2038,1

3510,1199,17

3470,531,9

3431,1232,37

3434,1670,18

3470,1098,2

3387,1253,22

3488,1527,32

3485,1364,24

3485,1432,25

3458,2186,-2

3465,2402,-4

3470,336,-3

3381,1632,23

3472,1417,26

3432,2376,10

3530,1067,7

3346,1581,5

3354,1137,18

3509,475,-4

3445,1150,24

3498,1878,25

3394,1420,35

3412,896,1

3432,1205,9

3491,896,-4

3404,1178,34

3387,1051,8

3444,946,15

3516,1060,21

3505,1427,27

3370,1838,39

3465,2514,18

3529,1713,9

3508,1651,30

3408,1536,13

3434,1618,32

3462,2204,-3

3484,1518,1

3477,2250,1

3313,1773,35

3439,1467,39

3418,2169,3

3509,1043,6

3435,1217,2

3398,1447,18

3438,922,-2

3439,1475,33

3524,1470,-5

3397,1423,-4

3454,1500,-5

3428,1344,8

3405,1267,22

3453,1253,-1

3469,2303,3

3497,1640,8

3532,2117,6

3378,454,-5

3324,1374,-2

3478,811,31

3409,1025,22

3604,1661,-4

3462,2431,29

3484,2056,-5

3412,2168,-2

3459,2141,-2

3507,1606,17

3482,1650,19

3430,1596,30

3494,1101,23

3436,1019,37

3451,1946,16

3539,1201,39

3568,1645,16

3514,1814,0

3450,2655,31

3508,1970,13

3420,1410,8

3401,2057,3

3361,2325,31

3448,1034,-2

3438,1472,20

3522,2041,11

3391,1494,39

3482,1487,-3

3399,516,15

3472,1268,22

3487,2190,19

3441,1484,20

3439,1878,30

3510,2981,-3

3342,1832,39

3362,1888,28

3356,1971,-4

3481,1333,36

3390,2181,1

3454,1928,31

3416,1322,9

3414,1190,39

3418,1264,23

3442,890,8

3484,1436,5

3418,1447,13

3593,422,29

3453,1155,32

3348,2403,13

3410,2075,1

3477,1300,7

3476,1811,6

3413,1565,29

3498,1402,14

3466,1817,33

3423,1292,23

3457,2175,34

3456,1574,37

3506,1312,2

3366,1155,5

3431,2116,26

3380,2013,0

3345,2020,7

3386,1633,-4

3521,2213,11

3433,1721,8

3407,1866,-5

3488,1324,20

3471,1626,19

3371,1214,27

3447,1813,19

3514,2097,-1

3444,1577,15

3533,1319,37

3488,1631,30

3509,1404,28

3418,2395,10

3507,1487,16

3433,721,19

3459,1960,2

3480,1606,39

3434,1622,25

3489,1245,17

3476,2442,12

3434,1218,35

3428,704,8

3420,2065,28

3341,934,0

3404,2410,10

3467,559,16

3473,1453,31

3433,916,29

3353,1605,35

3385,1911,17

3458,930,3

3404,1720,31

3447,1753,39

3453,2105,15

3419,1330,35

3371,1495,36

3414,1153,33

3543,2034,13

3444,1448,14

3489,1244,24

3431,1574,26

3478,572,-1

3498,1230,6

3426,1277,15

3387,2101,32

3494,892,34

3489,1454,25

3443,1605,35

3483,701,39

3454,1373,34

3366,1155,21

3477,1523,27

3422,1447,8

3483,1591,21

3495,1520,-1

3567,2049,35

3481,1721,18

3513,2564,6

3461,2097,14

3444,1757,22

3431,1354,3

3380,1832,14

3528,1541,33

3536,1286,8

3531,679,22

3402,2038,34

3395,1920,2

3391,1663,25

3467,1521,37

3412,1550,-4

3549,1043,23

3444,1565,35

3373,2320,25

3434,1745,10

3426,1060,30

3439,755,12

3468,2331,3

3533,1856,18

3387,1546,37

3523,1980,4

3407,563,9

3400,1473,11

3358,1375,-2

3578,1180,-5

3537,1183,4

3450,1419,22

3461,2057,35

3361,1857,29

3382,2275,31

3497,1970,31

3383,1706,11

3427,2639,5

3460,2469,33

3319,1580,-4

3336,1305,0

3545,1878,10

3525,1400,14

3470,1193,23

3452,1055,11

3438,1535,25

3376,2015,6

3659,1688,33

3353,1343,5

3466,2129,18

3538,1012,-3

3440,2372,39

3498,1084,34

3416,1829,17

3387,2437,1

3543,845,32

3415,1139,23

3381,1919,24

3452,1375,13

3426,1402,-2

3442,2385,25

3432,1407,9

3494,1031,1

3423,2343,30

3472,1581,19

3456,990,33

3461,1712,9

3387,1525,19

3468,1758,24

3517,1171,21

3510,1313,24

3387,1737,30

3467,1174,20

3388,1957,31

3389,879,9

3475,1360,2

3534,1766,37

3431,1719,0

3431,1757,22

3424,2091,2

3488,2064,9

3408,1120,-1

3451,1262,-3

3604,1928,6

3381,779,37

3497,1609,10

3336,2182,13

3426,1493,2

3459,1587,34

3433,1591,5

3323,946,38

3422,1668,32

3512,1920,9

3410,1032,4

3479,1972,32

3420,1436,18

3451,1616,8

3458,2361,21

3346,1265,8

3438,1480,1

3479,659,26

3432,1342,27

3417,1122,15

3466,1711,1

3408,1878,11

3467,1622,13

3459,1771,19

3484,1822,35

3490,922,14

3410,1747,10

3478,1678,3

3368,1437,9

3507,1165,0

3459,1093,3

3332,967,8

3411,1766,-3

3385,633,22

3406,593,0

3307,1730,1

3332,2592,33

3445,1792,18

3425,1216,33

3420,1116,27

3480,1804,29

3393,2255,27

3487,2434,-3

3444,1967,19

3441,1279,21

3489,2062,5

3382,1860,-5

3521,2055,23

3436,1317,-2

3384,1852,1

3554,1121,-1

3445,979,16

3434,1101,2

3400,1394,-3

3401,934,12

3383,2804,9

3523,2104,5

3570,1143,23

3408,1570,14

3446,1203,28

3367,1732,36

3402,817,29

3489,1284,24

3374,788,5

3357,1975,5

3540,1527,3

3486,1590,31

3510,1675,24

3379,1478,8

3495,1370,23

3400,1858,-4

3468,723,8

3458,1529,0

3323,1440,37

3435,1712,38

3503,1559,17

3402,1183,0

3444,841,14

3353,1591,26

3522,986,23

3348,1251,13

3440,1486,14

3518,1415,29

3434,2334,27

3437,437,32

3454,1639,6

3444,1709,-1

3503,1276,12

3464,1798,21

3499,2077,1

3417,2122,12

3572,1338,6

3430,1222,22

3492,1318,2

3575,1957,-2

3507,1590,11

3411,1415,15

3539,1156,35

3441,1655,19

3431,2018,25

3503,1976,21

3342,1872,5

3457,963,29

3494,1225,19

3402,1897,1

3484,1644,14

3457,2057,22

3414,1248,0

3444,1436,9

3501,1708,36

3506,1457,0

3444,577,12

3433,1273,-3

3434,994,-2

3549,1913,22

3456,1068,6

3383,1106,34

3392,1609,15

3373,1859,0

3424,1306,0

3458,2027,2

3467,1273,19

3415,2490,31

3419,1855,28

3526,2021,1

3403,2428,32

3445,2386,20

3475,1318,8

3615,1524,8

3408,291,1

3458,1139,34

3496,2005,21

3408,1903,29

3497,2083,11

3349,1179,1

3559,715,-5

3589,760,11

3508,1530,39

3462,1695,25

3487,1750,35

3447,1354,30

3503,1491,35

3491,1750,-5

3503,796,0

3420,1710,25

3443,2358,5

3408,2126,12

3461,1799,12

3396,2342,3

3409,1237,-1

3425,2024,7

3516,828,38

3430,798,1

3529,1055,15

3422,1160,32

3457,1911,10

3449,1274,21

3431,2215,16

3510,1399,8

3498,771,35

3404,1200,2

3482,1051,33

3414,1135,39

3484,1700,-2

3392,1248,23

3463,904,33

3437,1191,26

3485,2082,26

3573,871,4

3435,1333,1

3477,2254,-1

3506,2883,3

3469,1732,13

3430,626,1

3426,1373,8

3526,1526,37

3441,1432,37

3524,1460,38

3321,1374,12

3385,1796,35

3591,1140,29

3512,2508,11

3477,2332,33

3402,1287,21

3436,1562,-1

3547,1613,11

3469,2264,37

3543,2090,19

3367,1379,6

3422,2465,14

3501,1345,6

3473,1808,38

3460,2028,1

3471,1730,27

3470,314,5

3495,1757,9

3442,995,0

3439,738,-3

3453,1304,0

3504,1008,1

3373,1142,36

3526,1866,33

3455,1347,30

3526,1350,4

3487,1626,29

3471,434,18

3409,1011,29

3462,705,20

3463,1087,14

3454,866,25

3506,1447,14

3472,2118,39

3518,265,18

3447,1989,15

3489,1629,2

3399,1346,26

3492,1470,22

3350,1397,15

3511,1868,1

3506,1200,33

3442,2048,17

3384,1493,21

3646,2652,1

3358,1391,7

3494,1966,13

3476,1656,-2

3496,2023,36

3401,901,24

3559,2496,22

3454,1444,14

3515,1458,22

3467,2375,-5

3446,813,31

3475,998,28

3366,1010,9

3485,2069,39

3426,2113,22

3395,1031,26

3365,1776,28

3387,1591,7

3437,1241,14

3452,1475,35

3436,1589,37

3383,2299,-1

3453,1030,38

3505,2059,34

3457,1271,20

3486,1640,-2

3212,1298,31

3397,1747,21

3488,1323,3

3419,1592,-4

3524,735,20

3449,1896,-5

3415,1762,34

3401,2220,24

3438,1795,2

3451,1929,3

3498,1050,8

3448,845,32

3526,1843,19

3395,1684,-3

3407,1567,15

3448,1106,33

3440,1608,13

3534,1177,29

3355,2287,3

3429,1392,-3

3451,1306,21

3428,889,19

3300,2000,33

3522,1554,21

3485,1032,-5

3520,1071,28

3407,1113,10

3434,1756,27

3389,1825,7

3466,1379,6

3460,436,12

3414,971,-2

3530,1404,33

3536,2058,38

3443,1553,38

3500,1921,8

3528,1101,16

3397,1452,-5

3495,2415,30

3478,1589,31

3517,2060,29

3426,1213,11

3432,724,27

3501,446,0

3420,1191,38

3567,973,16

3494,1688,19

3402,1103,16

3451,2027,-5

3438,897,35

3434,1334,15

3322,1032,10

3419,1724,29

3398,1831,17

3558,1203,13

3449,1584,24

3309,1754,31

3509,1000,21

3460,746,22

3510,2109,12

3356,1094,11

3423,-209,19

3479,1806,29

3415,1137,-3

3450,1464,6

3422,1079,19

3417,843,9

3408,949,21

3438,1208,24

3431,2039,29

3493,707,4

3390,1087,-4

3421,2051,12

3464,2113,37

3514,2183,20

3472,2587,39

3419,1748,20

3494,2231,9

3478,1189,37

3347,976,35

3534,1088,-3

3417,2551,7

3422,1615,21

3467,1949,24

3490,1103,13

3514,1451,27

3465,1534,4

3410,1995,10

3473,1822,1

3480,2035,28

3553,978,8

3432,1197,15

3531,1057,-1

3415,2075,10

3540,1725,37

3550,1216,35

3426,1022,22

3465,835,23

3497,1532,28

3412,1344,8

3388,1395,39

3455,1442,14

3501,1439,11

3352,1680,23

3554,1456,6

3534,1723,22

3531,1633,9

3456,856,23

3482,1286,8

3476,1462,19

3489,1860,7

3483,1924,25

3541,620,5

3570,2669,-5

3378,1711,16

3433,1113,30

3478,1801,17

3521,1852,21

3423,1860,10

3510,1932,16

3337,1930,-2

3399,1730,38

3457,1467,5

3556,1843,1

3395,1728,10

3510,2468,28

3406,1271,14

3513,1633,-2

3425,2220,-4

3422,467,-4

3455,1648,-1

3427,2135,6

3551,1471,22

3467,2476,28

3539,1757,0

3412,856,20

3414,1823,32

3451,1186,21

3490,1875,4

3402,1653,24

3438,1682,18

3452,1716,33

3441,2106,26

3335,2164,20

3441,1202,26

3445,1962,33

3509,1455,-3

3523,1629,24

3424,941,4

3392,2230,29

3403,448,10

3466,1612,15

3494,1150,36

3488,1384,14

3596,1527,-2

3431,2225,24

3590,1828,29

3458,1871,25

3484,1576,19

3440,2242,20

3506,1363,30

3479,1117,19

3456,2192,29

3445,1676,1

3349,737,4

3411,984,16

3502,2566,28

3401,1047,34

3376,872,11

3511,1522,24

3352,567,29

3534,961,29

3509,1560,-4

3475,813,12

3498,347,27

3538,2135,39

3422,1815,25

3468,872,39

3330,1632,11

3475,1585,25

3479,1246,13

3470,899,34

3549,1166,6

3315,1581,11

3447,2313,19

3413,1919,34

3594,1669,8

3468,1491,-2

3382,1735,0

3478,590,38

3531,1746,16

3519,1474,11

3454,1828,33

3486,1840,30

3549,542,21

3524,1277,4

3535,2132,27

3446,942,33

3456,1917,16

3380,1759,7

3500,1636,24

3517,2105,11

3459,1753,12

3359,1076,22

3385,1538,3

3476,1280,12

3363,2156,36

3487,1482,7

3426,1049,34

3478,640,3

3392,1394,27

3461,2125,24

3334,1119,8

3535,2594,20

3526,2808,-3

3390,1648,22

3441,2091,5

3566,1341,35

3406,820,3

3512,2096,16

3397,1692,10

3485,1307,12

3510,1496,30

3464,1526,5

3454,1599,12

3361,985,25

3424,1390,34

3494,1468,36

3438,1621,38

3503,1627,1

3394,2058,12

3285,921,-3

3448,1182,25

3435,1500,24

3436,1168,10

3407,1376,34

3457,1849,5

3498,1976,38

3484,1046,12

3497,1824,12

3469,2142,39

3499,977,32

3499,2473,-4

3488,2124,35

3381,1278,2

3519,1765,33

3436,1654,37

3425,1126,-5

3456,1712,29

3579,1988,3

3426,1369,23

3319,901,4

3367,2412,27

3342,1624,39

3481,702,21

3495,2145,0

3540,1049,20

3442,639,-4

3483,710,-3

3399,1192,39

3399,1165,3

3418,1792,8

3532,2111,2

3499,2511,29

3439,1756,4

3505,1401,39

3306,2420,26

3490,1723,1

3433,1156,31

3486,1934,39

3440,1325,2

3420,1511,9

3342,799,11

3463,627,7

3368,1095,-2

3381,1206,25

3446,2389,4

3352,1857,34

3502,850,2

3437,1972,20

3501,1680,31

3437,1891,22

3396,554,29

3609,1361,26

3326,1488,35

3423,1789,23

3380,1957,0

3465,2343,16

3443,1687,15

3422,1191,8

3533,1278,36

3547,873,11

3456,997,-2

3512,1575,12

3471,1762,21

3426,1628,-4

3411,1257,31

3366,1101,15

3403,1622,27

3467,1143,31

3448,1632,-3

3368,1569,-2

3375,2022,39

3341,1478,20

3457,1547,10

3470,453,-2

3481,1640,27

3338,1120,39

3490,1893,-4

3492,1423,28

3499,1644,0

3275,1213,24

3374,1684,22

3538,1076,-3

3453,861,15

3462,849,38

3450,870,-1

3484,968,5

3510,1084,-1

3504,1545,11

3458,1012,15

3406,1299,30

3518,1416,19

3467,1552,23

3427,1317,24

3529,1685,35

3529,1821,19

3400,1766,19

3456,1157,19

3502,1757,10

3449,1390,11

3415,1692,6

3476,766,9

3516,1955,9

3487,2214,29

3552,805,19

3458,1443,16

3474,729,21

3529,1730,-4

3454,1727,30

3437,1219,4

3443,2177,38

3439,1823,-2

3464,1691,39

3446,1537,-2

3327,1784,-2

3359,1763,21

3467,2139,21

3296,1644,26

3427,1446,5

3539,1455,1

3323,1452,7

3446,832,21

3531,516,6

3410,1715,-1

3428,1767,8

3457,969,2

3435,1032,-5

3452,1403,-1

3433,1019,23

3499,2395,7

3501,797,-3

3466,1196,-1

3337,1328,15

3420,1665,39

3560,1152,-3

3351,121,1

3395,2002,-3

3470,1532,13

3369,873,16

3433,1915,17

3441,578,12

3548,1005,17

3492,1024,25

3382,267,35

3482,2012,23

3432,1678,22

3446,665,-1

3424,3081,30

3420,1149,1

3450,1212,33

3564,1628,5

3464,850,24

3473,1015,23

3367,2314,31

3452,1098,-5

3450,1369,8

3475,973,24

3451,1402,-3

3454,788,16

3530,221,23

3413,1617,9

3484,1941,16

3365,1086,32

3436,2058,23

3405,761,31

3337,2757,15

3448,989,22

3428,1143,30

3482,1171,16

3360,553,7

3444,1610,25

3362,1881,4

3436,1118,27

3434,1581,22

3440,1456,-1

3690,1473,8

3403,1961,11

3405,2077,-1

3496,1428,18

3428,466,26

3467,1244,7

3403,1554,31

3505,1939,-2

3441,2082,10

3503,1468,22

3550,1126,16

3433,528,28

3437,1956,22

3382,1997,-3

3353,1038,23

3428,1376,13

3467,2098,18

3520,2036,10

3509,955,18

3510,1253,22

3504,2156,9

3378,2487,14

3396,2159,8

3455,501,28

3368,1324,17

3468,1848,33

3397,1185,16

3482,1265,-2

3542,1800,21

3527,1129,12

3477,500,24

3411,1487,9

3336,1083,31

3473,2275,4

3336,1968,22

3425,990,-5

3433,2282,23

3448,871,21

3461,1931,7

3486,1660,9

3335,1607,7

3478,1381,10

3373,1371,26

3343,2178,38

3537,1364,28

3424,913,24

3550,1450,2

3445,1121,24

3438,2074,29

3445,1669,12

3386,1807,33

3386,1862,6

3472,2116,18

3478,1147,3

3437,913,3

3477,1210,21

3472,1041,38

3349,1896,0

3574,1124,-4

3411,1104,21

3475,2189,7

3351,1948,25

3416,1605,36

3447,595,14

3456,1233,16

3392,1121,6

3374,1945,15

3427,1484,36

3480,824,24

3447,958,35

3493,882,18

3474,1866,10

3446,1823,3

3545,2022,30

3479,1203,1

3411,1751,-2

3440,513,21

3374,2100,38

3313,1227,10

3510,21,12

3361,1706,24

3467,1433,15

3418,1843,20

3405,1629,14

3384,1865,15

3355,1950,-3

3603,1304,28

3459,707,37

3471,1663,-5

3401,847,16

3461,1531,8

3402,2030,31

3391,1534,31

3410,1609,39

3379,1573,-2

3467,917,8

3538,2587,11

3409,1668,30

3505,824,22

3543,1380,0

3389,1473,33

3421,1805,8

3436,1769,30

3414,910,28

3412,1782,38

3427,1995,0

3406,1807,-5

3331,1617,28

3441,1896,7

3513,1365,-1

3497,1592,35

3410,497,-2

3349,1280,1

3558,2231,2

3464,290,12

3549,912,-3

3430,892,34

3502,1127,36

3551,1073,39

3448,2183,-5

3466,1386,12

3432,1679,-5

3437,1026,16

3503,1184,21

3496,877,37

3504,547,12

3541,1736,-3

3525,2038,20

3487,916,13

3559,2487,38

3498,2226,13

3351,1361,9

3575,2062,17

3501,1040,25

3535,367,25

3412,1191,21

3432,1692,25

3519,1503,20

3543,1669,10

3428,1001,33

3404,1219,0

3500,1728,29

3534,1534,8

3623,1808,10

3366,744,28

3406,1527,-5

3458,1829,24

3488,1764,4

3410,1933,1

3525,1351,10

3395,1179,13

3446,2143,-4

3381,1306,16

3419,1604,6

3507,1876,22

3466,1459,3

3510,1642,-2

3572,1362,13

3497,1237,0

3414,1216,39

3396,1036,20

3373,1829,22

3353,1854,2

3456,1026,31

3422,2274,3

3479,1461,37

3392,1628,16

3534,1362,22

3467,992,31

3520,2242,14

3371,1334,37

3390,1657,18

3382,1452,36

3427,3217,32

3446,1783,31

3422,1649,25

3500,701,10

3460,2571,24

3470,1136,6

3505,1374,12

3411,2418,30

3478,1454,10

3587,1237,25

3473,1743,33

3428,1659,10

3500,1248,-5

3529,1005,16

3563,933,8

3447,1345,24

3511,1972,19

3491,910,31

3401,902,17

3506,1815,32

3464,1569,3

3412,1618,39

3507,1778,30

3406,864,3

3390,1785,13

3494,1234,12

3408,1553,20

3463,1281,23

3505,2358,12

3497,947,32

3486,1855,2

3394,831,-2

3466,1176,4

3502,2168,29

3483,1675,11

3546,1751,6

3368,1909,37

3530,1201,1

3444,1167,33

3416,1510,32

3393,1664,20

3493,261,17

3513,1474,20

3498,2027,5

3332,1125,6

3372,1827,33

3522,1573,33

3449,2082,34

3428,1563,28

3495,1739,31

3512,2651,33

3481,1107,4

3464,2404,37

3446,1165,1

3623,1213,13

3431,2283,14

3412,1049,34

3392,1235,25

3417,1577,8

3361,1860,1

3424,1792,29

3455,2660,16

3545,1665,21

3366,889,26

3379,1010,14

3402,1019,18

3392,1764,4

3503,1298,29

3436,820,0

3523,1713,28

3402,1583,35

3408,1706,35

3418,1043,33

3427,1165,13

3570,1468,13

3487,1681,24

3481,1453,10

3459,1426,37

3438,514,13

3480,1674,30

3375,1479,34

3492,1956,20

3448,1393,33

3468,1151,17

3528,761,-4

3372,2304,6

3457,845,13

3553,1881,9

3538,2441,6

3478,1575,10

3504,1284,35

3456,2542,34

3586,1474,23

3366,1987,0

3440,1621,20

3527,1256,32

3383,885,17

3387,1222,21

3400,1796,10

3417,1481,31

3455,1759,27

3438,1972,-3

3415,932,15

3391,2225,-1

3432,1055,37

3412,1520,16

3363,1818,15

3434,1809,10

3433,929,-2

3409,1996,6

3502,1171,8

3414,933,28

3336,1399,6

3523,2048,39

3510,1919,15

3395,1214,6

3505,995,9

3447,1335,37

3442,1478,8

3358,1496,23

3376,2173,3

3361,1805,24

3473,2276,-4

3445,1488,36

3433,1311,12

3529,1678,34

3525,1782,27

3402,1857,2

3388,1351,18

3425,1509,18

3445,2051,28

3463,1664,34

3498,1436,14

3461,2633,23

3463,1816,9

3455,749,26

3460,1218,16

3515,582,-5

3502,932,38

3415,1562,13

3457,534,3

3468,1678,36

3488,1385,-2

3396,1049,5

3366,2001,15

3342,528,28

3359,684,35

3492,1802,-5

3410,2292,14

3432,1775,13

3467,1152,-4

3490,1681,24

3419,2178,33

3449,1303,29

3399,1233,0

3349,1018,9

3445,1033,19

3462,794,19

3504,1141,26

3534,761,13

3455,1528,39

3487,1458,29

3557,1139,23

3544,1337,34

3384,558,21

3421,2135,29

3393,1257,33

3445,1568,19

3491,1741,4

3409,1175,37

3476,1487,31

3416,1591,6

3433,247,22

3516,1123,37

3555,1373,28

3435,1949,18

3397,2389,17

3490,2060,34

3431,1916,0

3413,1701,34

3530,1408,-5

3389,1212,-4

3445,1438,9

3525,1990,5

3430,1404,12

3477,2048,23

3545,1570,32

3445,1225,-2

3495,1821,22

3435,1322,14

3411,1063,10

3470,831,10

3567,954,14

3398,1504,26

3426,1474,-3

3420,1440,9

3436,1665,13

3398,1675,10

3486,1323,-2

3439,1112,18

3368,1607,1

3410,1137,-4

3465,1764,23

3450,1490,10

3489,526,38

3391,2178,12

3518,3044,26

3435,1333,-4

3523,938,19

3521,1436,5

3528,1068,31

3564,1567,28

3391,1391,33

3318,845,12

3574,246,34

3449,1186,-2

3399,1688,39

3452,2364,37

3426,2080,7

3355,2377,4

3459,1673,16

3468,1788,0

3349,1106,9

3536,1348,32

3617,2410,15

3467,1636,14

3465,1410,8

3421,2621,29

3405,1204,28

3377,2151,32

3415,1022,0

3322,1603,12

3453,727,11

3491,2157,1

3454,951,16

3430,1797,37

3429,628,32

3499,1263,14

3566,1635,37

3459,1748,32

3474,2202,36

3442,1867,0

3404,1436,38

3514,1245,8

3502,760,10

3360,3145,-5

3305,1461,6

3432,1545,9

3473,1672,-5

3396,417,4

3489,819,6

3429,1573,8

3430,1880,4

3449,1330,6

3420,1772,0

3442,1043,38

3361,2112,18

3472,1742,31

3381,1587,34

3447,325,17

3522,1573,18

3467,1046,16

3508,1910,-1

3543,2083,32

3352,1641,37

3425,1961,9

3547,1695,26

3553,696,22

3387,1446,35

3376,1885,22

3464,1038,5

3407,2167,19

3436,866,35

3432,2034,9

3358,2040,22

3525,1382,31

3370,1203,28

3400,1996,7

3583,378,-4

3378,939,4

3453,2332,24

3354,1998,18

3506,1082,-2

3425,856,1

3477,1085,17

3476,1736,30

3479,1023,22

3516,1134,12

3440,1251,26

3500,2984,6

3470,1985,5

3413,1891,21

3502,1196,29

3433,1310,0

3489,1339,4

3493,723,18

3405,917,29

3418,2661,4

3475,1378,22

3464,1527,24

3473,2231,26

3464,716,24

3530,1312,18

3423,1282,23

3426,2507,25

3455,1669,38

3401,1576,26

3347,877,17

3530,881,19

3494,1778,6

3464,1070,8

3304,1222,35

3408,628,11

3448,2351,24

3485,1819,14

3511,2363,-5

3489,1056,30

3467,712,17

3386,1257,39

3428,985,23

3489,1025,-2

3396,676,2

3611,1855,-1

3461,1561,17

3481,1770,-5

3533,1932,25

3428,1998,30

3334,619,29

3498,735,19

3562,1119,5

3456,1752,26

3380,1415,30

3377,1890,-3

3460,466,27

3455,1125,-5

3436,1476,18

3502,1655,24

3407,1441,11

3530,1579,38

3381,1607,30

3442,1009,33

3494,2047,32

3423,1943,19

3398,2109,4

3461,1037,10

3357,1657,7

3429,1690,18

3494,1047,23

3367,1657,16

3403,1672,-5

3486,2636,31

3482,1736,4

3415,2516,19

3423,2054,31

3475,2722,18

3455,661,1

3407,1765,-4

3513,2448,12

3499,1196,24

3441,1918,-4

3435,1313,9

3343,1850,23

3483,1457,-3

3317,919,11

3431,1063,10

3451,983,-2

3424,1223,35

3368,2523,15

3507,1904,33

3441,1501,19

3516,1457,12

3561,1616,36

3555,1555,29

3400,2041,17

3441,2213,4

3416,1502,36

3395,2255,24

3441,1351,0

3395,1398,37

3502,1775,23

3396,1723,8

3458,1599,22

3477,1449,35

3487,1182,-3

3492,1381,-2

3509,1279,28

3506,1647,22

3494,1864,2

3420,1333,27

3478,2323,25

3521,2119,33

3428,2218,36

3505,1479,25

3441,758,10

3465,1033,24

3381,1225,14

3397,1029,-2

3503,1191,32

3334,1641,7

3590,1388,22

3390,1675,20

3447,895,-2

3428,1503,25

3533,1372,18

3488,1565,-1

3501,283,38

3441,1530,22

3453,1843,30

3413,1024,11

3359,1088,19

3373,1326,-3

3377,2207,-1

3517,732,4

3419,2045,4

3381,1208,33

3461,1962,15

3457,1516,7

3442,2932,31

3453,1733,37

3402,1522,12

3284,2255,28

3461,1496,33

3435,1377,20

3548,1384,8

3524,1493,16

3468,1397,25

3485,1306,27

3572,1758,11

3617,482,36

3480,1951,26

3492,1238,34

3460,509,12

3440,1122,2

3462,1704,33

3433,550,8

3493,1350,39

3490,892,19

3424,977,12

3518,1228,9

3466,702,10

3387,2127,36

3530,1620,29

3432,1393,7

3582,835,15

3508,1318,19

3522,1184,16

3493,1536,22

3346,1642,-5

3429,2008,-3

3420,654,34

3350,2331,15

3462,759,16

3461,1505,33

3387,2581,26

3430,2515,30

3337,982,2

3346,2010,31

3368,1608,-4

3478,1149,39

3523,1423,-1

3484,1308,8

3475,1538,11

3409,1460,11

3471,1969,28

3335,1676,9

3427,1399,19

3447,1351,4

3409,1331,-2

3525,1049,1

3426,1747,7

3383,2032,27

3427,2686,32

3362,1163,18

3457,1030,26

3433,1118,15

3420,1724,8

3451,2274,-2

3429,1351,37

3483,979,24

3434,2114,39

3640,1731,-2

3436,1503,29

3439,491,13

3480,1697,16

3416,1179,-5

3399,1356,-2

3415,470,36

3480,1441,38

3525,1437,11

3410,1674,-4

3633,1897,22

3479,905,25

3497,1198,25

3392,1137,4

3468,1375,6

3425,1946,36

3387,1264,-1

3487,1981,14

3413,1848,11

3478,1579,33

3477,1322,39

3454,1843,34

3596,1529,3

3418,2409,16

3512,1581,10

3444,1071,1

3518,1551,37

3403,1414,17

3478,1316,8

3496,2030,-5

3443,1389,3

3357,1899,9

3494,708,13

3424,1904,34

3476,1761,7

3427,1411,32

3509,1338,2

3323,1509,24

3450,1760,32

3611,2024,32

3511,1493,20

3597,1585,1

3352,934,-2

3456,1754,11

3508,917,23

3374,1081,7

3413,1234,3

3547,1598,10

3491,1746,21

3432,1093,21

3518,1262,22

3337,2133,27

3470,1843,-4

3399,854,26

3433,1228,-5

3542,1488,33

3577,1134,2

3551,2532,17

3358,2192,39

3528,1924,19

3476,1663,5

3403,1806,34

3516,946,3

3413,1487,0

3391,1776,35

3478,1798,3

3535,1878,21

3475,1515,30

3434,1578,7

3533,1048,18

3490,1804,-4

3504,1743,28

3494,1469,30

3407,1833,31

3454,1493,24

3415,2415,-2

3506,1587,8

3479,2009,25

3519,383,5

3501,2055,21

3335,2216,20

3367,2416,18

3392,1774,-3

3370,2102,9

3463,1478,26

3473,1500,4

3498,640,6

3466,1505,17

3402,448,33

3550,1595,26

3572,1849,10

3481,997,19

3596,2914,32

3456,1691,-3

3414,1459,-1

3443,1028,14

3475,1250,14

3520,1290,-4

3373,830,5

3409,707,11

3475,1934,10

3551,2454,21

3399,1745,-3

3441,2332,14

3459,1563,9

3426,1753,2

3340,1113,38

3323,1737,32

3512,822,-3

3451,1625,18

3357,1423,13

3526,1241,24

3507,1697,22

3412,1103,16

3485,1801,25

3453,1606,-1

3483,1574,37

3419,1558,36

3454,343,25

3486,832,29

3491,2280,11

3368,1511,28

3498,824,28

3370,1775,31

3434,1560,13

3482,2054,16

3455,1557,29

3407,1521,-4

3391,907,14

3517,1968,31

3364,1598,39

3435,1632,6

3351,1604,-2

3485,2183,22

3447,1865,1

3387,1791,0

3313,1635,0

3426,1382,17

3468,1674,36

3497,2691,4

3478,1914,29

3429,1864,0

3460,1675,28

3551,1866,0

3477,970,5

3373,906,-2

3546,1308,20

3474,1568,27

3434,635,21

3381,1425,31

3399,771,9

3440,1576,35

3423,1117,2

3492,2020,38

3470,1706,3

3461,1598,1

3628,1220,0

3452,1942,19

3492,1561,9

3499,751,7

3427,1705,24

3442,1825,24

3419,1825,5

3455,810,16

3517,909,-2

3374,577,19

3443,2794,20

3445,1568,11

3477,1687,28

3494,1631,15

3493,896,4

3489,2271,8

3433,405,6

3393,1737,-4

3459,1051,16

3380,1139,12

3457,977,6

3435,951,12

3572,1257,4

3390,2120,2

3457,842,38

3417,1301,2

3418,1138,10

3447,1439,3

3433,1530,25

3430,1800,29

3339,1003,20

3379,1597,28

3468,1650,0

3424,1208,26

3473,1492,29

3481,971,1

3488,1079,8

3317,2188,28

3429,2199,26

3471,1190,8

3458,1590,-4

3449,1180,14

3360,1460,2

3439,2419,30

3384,645,22

3451,1479,35

3468,1203,16

3474,1676,35

3490,1818,22

3409,1513,28

3364,1297,-5

3484,2419,5

3433,1469,-1

3389,2372,7

3411,2750,29

3472,1675,4

3580,1745,2

3430,1506,25

3493,1388,26

3474,1568,38

3494,1770,2

3375,1433,7

3480,1550,38

3493,1656,34

3352,1504,-3

3487,67,18

3519,953,13

3376,2164,-4

3444,2373,9

3403,1073,38

3542,1963,27

3449,773,15

3475,1668,36

3446,1933,-1

3482,2048,32

3531,1226,16

3476,1486,-2

3585,1131,26

3424,979,28

3494,1596,19

3439,2642,14

3398,1248,2

3416,1409,33

3481,1479,36

3365,2012,4

3461,625,39

3356,991,10

3491,2244,26

3512,1817,8

3578,1993,9

3503,1182,17

3537,1921,1

3427,1430,17

3485,1997,5

3519,889,35

3476,927,39

3611,1450,11

3421,1504,24

3485,744,21

3547,1516,25

3491,1520,16

3509,1321,24

3478,1149,2

3397,2317,10

3373,2022,35

3456,1685,12

3418,1399,6

3371,1505,-5

3399,1903,-4

3434,2138,-5

3468,2102,23

3501,1404,-5

3502,891,4

3519,1297,37

3498,2644,11

3556,2487,20

3412,1797,18

3500,903,26

3440,1698,-4

3440,1643,1

3397,2175,-3

3463,1929,32

3464,2059,2

3452,2163,12

3597,1340,-2

3540,1041,2

3493,861,18

3415,2051,19

3450,1227,33

3499,1415,30

3433,2372,13

3453,639,26

3512,1404,27

3459,1340,29

3414,450,19

3425,1607,34

3528,649,6

3541,466,-1

3481,1641,31

3479,1126,35

3422,1573,18

3534,1179,11

3506,604,12

3400,570,33

3396,1535,9

3360,1951,12

3444,2325,16

3430,2647,5

3425,2268,5

3487,589,-2

3530,1128,33

3446,2213,-3

3447,1706,21

3400,1432,2

3503,939,26

3450,1165,10

3438,1978,26

3360,1757,37

3372,2219,2

3468,502,6

3473,1836,5

3440,1161,4

3499,1966,28

3495,1329,0

3488,714,14

3347,1681,3

3423,1358,31

3438,1444,25

3542,1514,-3

3302,2111,-5

3443,1464,6

3374,1774,8

3476,2570,19

3359,773,23

3330,1066,34

3479,1132,-4

3539,1536,24

3501,1014,-1

3670,1927,25

3483,960,28

3517,1074,-2

3527,1811,-2

3400,1171,11

3483,2115,31

3424,1885,17

3478,1708,35

3466,1000,32

3464,232,0

3459,2085,20

3378,1550,26

3447,1397,5

3460,1888,3

3458,1900,-4

3534,716,21

3405,2137,32

3473,1231,28

3412,1594,-1

3489,1608,1

3267,1422,34

3389,1515,-1

3457,631,19

3370,1862,5

3421,1816,26

3354,805,10

3489,1273,9

3477,1444,12

3503,2309,11

3487,1665,2

3435,2109,1

3394,1581,-2

3443,1201,16

3480,1828,38

3509,1888,8

3546,481,11

3436,1219,26

3564,1854,39

3558,2006,1

3462,1297,16

3451,1929,34

3482,1383,15

3454,1814,33

3449,1761,36

3379,2138,34

3469,819,12

3335,1949,-3

3452,1638,34

3533,1277,2

3447,1312,31

3452,1350,5

3504,1020,11

3469,817,29

3479,1337,32

3533,1445,18

3604,758,10

3410,1226,-4

3406,1206,20

3442,1687,6

3395,1668,39

3390,920,17

3469,1847,-3

3368,1438,27

3427,1293,36

3403,1341,25

3401,1607,9

3457,966,27

3535,1467,-4

3662,263,0

3494,2134,31

3570,1542,8

3452,1588,22

3364,1313,10

3432,2282,38

3356,1216,22

3426,1554,9

3469,1789,7

3329,1969,39

3448,1566,-1

3455,2475,30

3459,1821,4

3429,1417,26

3420,1607,33

3462,473,10

3513,965,8

3456,1142,26

3402,1273,32

3468,1524,18

3422,1962,1

3371,1033,-5

3367,1896,31

3439,862,30

3494,1667,10

3378,990,3

3500,1026,23

3489,1188,-5

3430,1385,16

3416,1208,30

3471,1151,21

3453,1768,-2

3428,1107,12

3555,909,5

3458,2110,32

3410,1455,3

3456,1457,23

3569,1512,-2

3379,1197,10

3446,2657,10

3515,1750,1

3448,1500,36

3380,748,14

3402,1040,6

3470,742,5

3468,1901,22

3271,1204,26

3431,1435,-2

3428,1121,29

3475,1608,19

3465,1878,19

3513,716,37

3397,1093,27

3419,1300,6

3412,1065,22

3480,1304,-2

3446,1506,32

3404,2085,8

3362,1358,23

3493,1078,39

3423,987,-5

3396,1026,36

3438,2068,28

3566,1060,28

3308,2132,33

3505,1322,16

3464,960,13

3371,1580,1

3393,1172,30

3543,1857,15

3357,2063,34

3432,1782,26

3513,758,-1

3526,1421,-3

3478,1421,15

3430,2149,3

3427,1392,4

3375,2157,35

3496,1905,20

3434,634,38

3484,1561,6

3437,2098,32

3423,1554,17

3432,2372,-2

3488,1206,33

3374,1135,12

3383,2408,-3

3507,1318,9

3453,1203,27

3413,1343,-4

3465,1540,19

3405,1384,12

3445,2854,26

3549,2138,29

3477,1405,28

3470,1273,25

3405,2163,18

3483,1250,8

3455,1583,24

3465,1554,37

3401,929,-4

3569,2608,12

3483,1473,0

3425,1192,1

3354,1640,7

3333,2565,5

3479,2661,32

3505,1701,23

3455,2020,39

3540,1971,14

3540,1377,1

3441,1150,37

3376,1204,4

3603,1956,7

3508,1798,-1

3409,940,31

3465,1788,12

3498,1832,4

3430,1680,5

3485,1306,36

3443,1120,28

3521,1577,36

3463,1128,23

3461,1527,17

3430,729,9

3438,2210,5

3436,1441,27

3457,1765,15

3460,1462,36

3433,976,37

3516,1887,30

3413,1963,7

3433,1155,23

3489,1705,28

3382,2633,34

3489,1944,27

3455,1164,23

3444,1398,5

3481,1296,39

3446,1132,29

3403,1526,24

3575,2034,19

3319,1455,16

3454,1795,36

3395,1602,20

3486,1062,34

3508,1652,24

3335,1629,25

3482,236,19

3451,1878,28

3379,2443,31

3364,1587,35

3477,1909,0

3420,1610,14

3472,1786,-2

3468,2477,28

3480,2148,1

3510,1082,10

3404,1809,26

3367,1618,0

3376,1439,20

3528,1708,29

3371,1940,26

3547,1325,-1

3532,1318,17

3458,2004,18

3474,2021,5

3388,467,31

3383,1835,5

3546,1208,28

3535,1688,9

3392,1700,1

3436,1736,-1

3425,1309,21

3428,1238,27

3472,747,13

3428,1397,5

3393,987,16

3543,1898,35

3350,1148,31

3432,1010,34

3516,2004,19

3408,1517,13

3454,1229,-5

3429,1614,31

3566,2198,24

3489,1635,14

3521,1111,9

3431,1730,-5

3432,1628,16

3519,811,38

3432,1671,-3

3430,1951,14

3467,1128,3

3403,1505,1

3505,1742,24

3491,1857,26

3406,1747,2

3435,1198,-4

3333,1566,21

3412,1341,10

3488,485,25

3499,1187,-2

3542,1314,35

3432,2031,22

3492,2060,25

3420,937,32

3393,1356,22

3439,2225,17

3479,1388,22

3493,1624,0

3454,2294,37

3450,1630,10

3385,1834,32

3472,893,0

3390,1337,33

3426,713,33

3519,1752,24

3513,904,35

3344,1458,25

3463,1521,-2

3390,579,28

3376,1505,2

3393,2302,13

3486,1542,4

3365,1727,0

3486,977,8

3472,2390,24

3492,1789,16

3406,926,26

3423,1882,28

3518,1799,17

3442,1476,11

3484,781,34

3412,1150,14

3380,1090,8

3431,1800,28

3441,1234,24

3405,741,10

3481,1879,29

3545,355,38

3514,1107,-4

3535,402,4

3514,1398,28

3402,1553,-2

3513,2061,21

3356,1739,12

3352,1057,-1

3477,2142,6

3307,1303,31

3481,2080,30

3336,912,12

3475,746,13

3419,1226,31

3445,1614,31

3506,1811,30

3420,1376,10

3441,1066,27

3401,732,1

3446,1386,6

3394,1651,28

3508,1211,0

3470,1359,33

3517,1170,31

3550,1453,-5

3469,1572,21

3426,2036,24

3470,1455,-4

3387,1147,33

3504,2663,18

3329,2391,21

3543,943,3

3330,1958,6

3493,1035,31

3536,848,4

3428,1950,29

3421,1776,15

3426,1818,17

3455,1447,-2

3395,2090,35

3406,1790,22

3370,1414,29

3484,1561,12

3448,1595,13

3502,991,16

3420,998,16

3402,1398,38

3473,1063,19

3448,770,11

3432,1575,31

3362,1375,4

3390,1358,0

3464,2151,14

3442,1285,17

3470,2085,-3

3351,2129,10

3418,1898,5

3399,-259,13

3417,903,9

3355,679,33

3396,1352,2

3440,1230,22

3559,1028,12

3385,1229,1

3360,1493,6

3406,1506,10

3409,1161,11

3484,2009,2

3480,1211,6

3468,1414,16

3430,1773,7

3444,1205,-5

3421,1219,3

3477,933,20

3399,1805,23

3381,2566,12

3411,1372,35

3531,1002,1

3491,1076,23

3474,2098,13

3489,2387,17

3437,1378,39

3567,1745,34

3385,693,33

3403,1346,11

3330,1295,38

3602,1213,33

3437,1299,-4

3583,1842,33

3474,1032,-5

3528,1383,25

3488,1242,19

3507,1727,3

3381,1576,1

3417,1847,2

3468,1185,9

3367,1228,20

3448,1774,20

3472,1023,21

3535,1683,36

3564,2341,-4

3509,1447,32

3329,2493,20

3420,2223,1

3533,889,29

3464,1267,35

3490,1761,-4

3471,898,36

3504,1035,37

3403,1682,30

3456,1362,29

3496,1524,36

3458,1663,12

3492,2270,28

3417,1292,-3

3428,1202,2

3401,764,17

3479,1502,26

3431,773,35

3452,1618,25

3431,1542,17

3459,1276,17

3331,2078,-2

3406,928,28

3563,644,22

3415,1966,35

3557,1614,32

3398,2296,14

3464,922,15

3443,620,31

3408,1507,8

3489,1103,2

3499,1159,16

3453,1620,19

3393,983,2

3459,1334,11

3413,2087,23

3425,1234,8

3590,803,1

3390,1254,37

3475,1571,21

3484,971,14

3479,1613,-3

3424,2078,0

3373,1029,18

3422,737,29

3533,654,13

3471,1536,24

3356,716,34

3438,1035,20

3446,1793,8

3507,1679,-3

3454,1029,36

3555,657,13

3509,1120,25

3551,1909,-1

3390,2370,6

3422,2178,25

3370,978,39

3414,2400,10

3392,976,37

3430,1467,-5

3320,1768,8

3409,1288,13

3396,970,22

3393,2725,39

3495,1482,14

3344,1523,4

3505,1314,35

3409,1871,10

3471,2045,38

3492,1276,18

3410,1644,18

3524,1336,32

3427,1709,26

3317,1604,23

3386,2123,22

3422,2568,13

3394,460,38

3390,1950,-1

3490,1549,20

3458,634,10

3436,1313,-3

3489,1020,14

3541,51,4

3371,1242,14

3470,759,37

3547,2496,27

3417,478,19

3428,1487,25

3442,2088,11

3481,871,4

3495,1839,29

3494,1710,2

3335,1770,33

3534,174,4

3386,1967,8

3384,1739,-4

3450,2135,17

3467,2768,23

3406,1328,7

3445,1017,15

3553,2807,6

3461,1270,35

3416,1894,24

3553,2103,7

3443,1461,6

3494,1927,13

3342,2274,6

3353,1241,19

3515,1370,0

3415,2405,19

3448,1481,22

3483,2059,27

3420,720,26

3412,1521,6

3447,2074,-1

3376,1716,25

3400,734,3

3509,761,17

3454,1375,13

3499,1078,31

3423,1813,7

3465,2328,6

3513,1413,28

3492,1276,27

3531,926,31

3451,1248,-2

3491,1290,34

3546,1154,27

3497,1725,31

3464,1838,4

3327,1124,25

3501,953,7

3425,1476,-1

3397,1701,19

3335,967,33

3379,2010,4

3426,1093,20

3473,2207,23

3399,1504,39

3509,1356,17

3306,851,31

3387,400,21

3524,1555,6

3482,897,38

3523,2034,3

3597,1587,6

3415,2147,38

3500,1384,10

3475,1728,27

3362,1477,38

3546,1688,9

3458,1778,33

3381,1363,7

3475,1167,15

3403,1691,15

3453,1440,38

3490,959,26

3464,1919,23

3458,1733,10

3432,2142,27

3547,2185,3

3483,975,33

3425,2049,22

3521,1762,38

3461,1557,9

3433,1569,29

3372,1750,28

3527,1255,2

3403,1663,28

3346,1592,29

3373,1599,34

3474,1793,27

3412,1644,1

3351,2020,22

3481,1034,23

3410,2956,27

3531,1080,2

3483,826,9

3425,2102,-5

3449,949,12

3455,1933,12

3446,2365,27

3410,626,17

3482,2384,17

3475,1453,0

3415,1674,-4

3461,1498,34

3429,1547,33

3425,997,-1

3419,1140,4

3487,1710,32

3396,1215,0

3525,1527,33

3409,2192,7

3452,1388,16

3414,543,27

3415,1374,4

3363,1420,34

3448,1664,13

3439,1268,10

3484,981,27

3514,1483,-1

3427,665,0

3355,597,10

3413,1744,16

3496,716,18

3395,1972,8

3418,2074,31

3492,1447,0

3392,1219,22

3563,689,5

3538,1589,28

3447,1506,23

3427,1808,7

3446,1217,16

3416,575,-4

3420,1544,4

3362,1550,10

3542,1918,37

3369,2127,9

3471,1040,3

3515,1005,12

3427,1193,20

3471,1456,34

3413,922,17

3429,2181,0

3435,1854,0

3555,1429,5

3413,1770,18

3322,1281,-3

3427,533,2

3438,1797,11

3437,1674,2

3533,1167,-2

3482,1743,38

3488,1531,39

3367,1549,21

3458,1853,31

3485,2287,2

3500,2621,28

3536,1600,4

3491,1899,28

3357,1037,33

3445,1583,33

3310,1516,17

3475,1358,25

3467,1860,30

3371,1355,39

3383,1031,14

3497,1486,20

3430,1388,37

3592,1569,11

3440,1307,11

3473,1712,20

3418,1142,23

3460,1196,35

3473,1786,13

3458,1417,11

3429,1217,20

3437,327,33

3444,1618,33

3392,1822,-5

3450,2159,34

3429,1163,27

3432,861,30

3421,1432,22

3423,1362,13

3535,1267,27

3460,1476,25

3462,3169,19

3435,1861,16

3406,2973,34

3484,1076,26

3344,1130,8

3477,1175,25

3451,1691,7

3559,1663,15

3483,2054,13

3522,1376,33

3512,1346,37

3461,1752,19

3289,1350,8

3500,973,-5

3469,1400,19

3408,1149,6

3528,729,32

3481,1706,-4

3499,2712,20

3549,2832,-3

3410,1700,-1

3448,1814,-3

3495,1212,36

3538,2764,12

3446,2657,17

3371,1481,21

3401,2281,2

3524,1525,38

3456,1216,13

3373,1163,23

3345,1251,10

3460,1209,32

3442,1668,38

3372,2379,-1

3530,1246,22

3292,2470,3

3494,622,-1

3420,923,26

3493,1480,33

3441,1633,5

3480,1557,32

3392,404,7

3422,991,-5

3506,2335,-1

3452,1292,32

3521,1937,7

3374,1791,29

3486,1311,39

3374,1425,2

3387,1729,-1

3371,1595,30

3481,2265,11

3338,1067,0

3601,1555,26

3440,1477,-4

3441,1446,21

3383,2162,22

3475,1015,-4

3372,598,2

3478,363,27

3491,1407,33

3434,1970,24

3542,2082,22

3332,1436,-2

3369,2119,25

3523,863,0

3451,1682,38

3462,1479,13

3436,1321,0

3461,984,31

3382,1302,14

3508,1885,29

3515,2206,19

3421,1802,11

3431,1703,30

3450,1108,25

3326,1199,-3

3510,1740,13

3400,1400,34

3479,1504,4

3339,860,-3

3471,1304,29

3377,811,32

3333,1587,-5

3578,1373,17

3361,759,7

3636,1698,7

3405,1555,31

3442,1590,-1

3542,1897,39

3419,1138,33

3560,2026,3

3400,2548,13

3425,1777,17

3463,2197,20

3357,1750,-4

3450,1958,30

3454,1786,28

3470,1907,13

3483,729,37

3408,1734,-1

3487,1257,36

3361,851,9

3411,2024,8

3428,1547,39

3446,2112,15

3422,2494,-5

3434,1028,7

3520,1479,11

3606,1789,0

3439,780,25

3420,1776,0

3464,2334,36

3413,853,17

3380,2269,10

3427,750,10

3550,1653,-2

3374,1150,23

3430,3344,5

3466,1687,16

3395,1466,7

3442,1924,-2

3382,1925,23

3559,797,3

3460,973,-5

3447,1586,31

3463,2100,-1

3541,1062,2

3430,387,11

3436,2258,23

3462,956,27

3409,1101,27

3382,1274,35

3360,2518,12

3441,1842,2

3494,1082,-3

3561,1411,14

3495,1390,-2

3467,2107,4

3537,1963,6

3455,2113,24

3470,1024,24

3512,1729,30

3567,1593,15

3448,1728,28

3438,1090,14

3334,763,19

3475,838,38

3375,971,15

3446,1397,26

3408,1058,34

3465,2299,36

3336,710,8

3449,2190,21

3488,1655,5

3376,1334,24

3484,1352,23

3482,2166,2

3420,1636,-1

3376,1920,29

3404,1046,35

3409,1442,26

3479,1620,1

3525,1993,6

3567,1969,0

3327,1793,16

3483,1150,32

3406,843,38

3447,1484,34

3458,1099,-5

3420,2226,5

3440,1878,36

3462,893,22

3499,2069,1

3559,1850,27

3436,2267,2

3454,1314,24

3452,1096,1

3438,942,4

3434,700,33

3511,1375,17

3514,641,-4

3416,1511,11

3485,1185,22

3488,1951,-5

3344,1816,35

3428,1496,2

3373,2274,-2

3501,1022,4

3498,2154,5

3442,1554,6

3303,1401,0

3443,1798,34

3472,1304,39

3439,1005,33

3575,1376,39

3506,809,20

3373,1666,2

3420,1190,19

3516,2050,7

3448,175,2

3572,1843,-4

3495,1582,-4

3506,1797,15

3397,1920,18

3507,2200,18

3458,1480,26

3438,1866,7

3494,1556,-5

3472,2223,11

3422,1175,25

3463,1376,19

3478,2645,12

3367,1831,25

3461,1518,34

3351,2187,26

3485,997,31

3409,1626,11

3501,1594,0

3426,1774,3

3380,1505,38

3475,1009,12

3452,2491,20

3459,1400,24

3464,1675,9

3446,1970,-1

3450,2223,35

3393,1046,17

3369,870,2

3532,1245,27

3397,1057,27

3437,1534,13

3437,911,27

3350,1988,13

3421,1817,16

3452,1400,11

3469,741,8

3433,1866,-2

3354,1384,11

3380,1093,15

3410,1919,4

3379,1581,19

3456,1825,23

3477,1281,38

3476,1801,15

3508,1362,11

3478,1379,28

3463,1655,35

3507,1861,18

3534,2193,10

3569,926,19

3452,2038,28

3401,2016,-3

3537,1087,1

3502,888,25

3324,2006,-4

3421,2023,39

3486,2025,2

3416,2302,27

3498,1012,-1

3409,1537,33

3365,2305,35

3384,1946,-5

3451,1457,-2

3561,1862,8

3323,675,25

3433,1436,24

3477,1639,20

3446,2026,17

3359,960,28

3430,1273,8

3508,2120,17

3394,1511,14

3442,1887,-2

3328,1909,30

3548,318,36

3423,1322,3

3447,1414,18

3525,1102,3

3478,1261,-1

3367,1467,31

3457,1699,20

3425,1154,38

3300,246,6

3460,2090,39

3472,1499,9

3488,1985,26

3450,803,28

3402,1223,19

3330,1100,17

3464,1827,22

3472,610,33

3423,1151,2

3384,1224,13

3507,1119,37

3538,1395,29

3486,1429,-4

3412,1244,28

3440,1727,11

3414,1537,-3

3526,1711,32

3454,1562,17

3410,1397,27

3368,1415,28

3470,1230,-2

3375,1072,12

3412,1841,4

3444,1805,29

3471,1463,22

3439,1154,39

3516,1046,7

3420,1669,32

3487,1472,14

3552,1957,9

3526,2596,37

